index_id,as_of_date,sector,code,company_name,ticker_tse,symbol_stooq,source,fetched_at
nikkei225,2026-03-19,Pharmaceuticals,4151,"KYOWA KIRIN CO., LTD.",4151.T,4151.jp,https://indexes.nikkei.co.jp/en/nkave/index/component?idx=nk225,2026-03-21T00:00:00+09:00
nikkei225,2026-03-19,Pharmaceuticals,4502,"TAKEDA PHARMACEUTICAL CO., LTD.",4502.T,4502.jp,https://indexes.nikkei.co.jp/en/nkave/index/component?idx=nk225,2026-03-21T00:00:00+09:00
nikkei225,2026-03-19,Pharmaceuticals,4503,ASTELLAS PHARMA INC.,4503.T,4503.jp,https://indexes.nikkei.co.jp/en/nkave/index/component?idx=nk225,2026-03-21T00:00:00+09:00
nikkei225,2026-03-19,Pharmaceuticals,4506,"SUMITOMO PHARMA CO., LTD.",4506.T,4506.jp,https://indexes.nikkei.co.jp/en/nkave/index/component?idx=nk225,2026-03-21T00:00:00+09:00
nikkei225,2026-03-19,Pharmaceuticals,4507,"SHIONOGI & CO., LTD.",4507.T,4507.jp,https://indexes.nikkei.co.jp/en/nkave/index/component?idx=nk225,2026-03-21T00:00:00+09:00
nikkei225,2026-03-19,Pharmaceuticals,4519,"CHUGAI PHARMACEUTICAL CO., LTD.",4519.T,4519.jp,https://indexes.nikkei.co.jp/en/nkave/index/component?idx=nk225,2026-03-21T00:00:00+09:00
nikkei225,2026-03-19,Pharmaceuticals,4523,"EISAI CO., LTD.",4523.T,4523.jp,https://indexes.nikkei.co.jp/en/nkave/index/component?idx=nk225,2026-03-21T00:00:00+09:00
nikkei225,2026-03-19,Pharmaceuticals,4568,"DAIICHI SANKYO CO., LTD.",4568.T,4568.jp,https://indexes.nikkei.co.jp/en/nkave/index/component?idx=nk225,2026-03-21T00:00:00+09:00
nikkei225,2026-03-19,Pharmaceuticals,4578,"OTSUKA HOLDINGS CO., LTD.",4578.T,4578.jp,https://indexes.nikkei.co.jp/en/nkave/index/component?idx=nk225,2026-03-21T00:00:00+09:00
nikkei225,2026-03-19,Electric Machinery,4062,"IBIDEN CO., LTD.",4062.T,4062.jp,https://indexes.nikkei.co.jp/en/nkave/index/component?idx=nk225,2026-03-21T00:00:00+09:00
nikkei225,2026-03-19,Electric Machinery,6479,MINEBEA MITSUMI INC.,6479.T,6479.jp,https://indexes.nikkei.co.jp/en/nkave/index/component?idx=nk225,2026-03-21T00:00:00+09:00
nikkei225,2026-03-19,Electric Machinery,6501,"HITACHI, LTD.",6501.T,6501.jp,https://indexes.nikkei.co.jp/en/nkave/index/component?idx=nk225,2026-03-21T00:00:00+09:00
nikkei225,2026-03-19,Electric Machinery,6503,MITSUBISHI ELECTRIC CORP.,6503.T,6503.jp,https://indexes.nikkei.co.jp/en/nkave/index/component?idx=nk225,2026-03-21T00:00:00+09:00
nikkei225,2026-03-19,Electric Machinery,6504,"FUJI ELECTRIC CO., LTD.",6504.T,6504.jp,https://indexes.nikkei.co.jp/en/nkave/index/component?idx=nk225,2026-03-21T00:00:00+09:00
nikkei225,2026-03-19,Electric Machinery,6506,YASKAWA ELECTRIC CORP.,6506.T,6506.jp,https://indexes.nikkei.co.jp/en/nkave/index/component?idx=nk225,2026-03-21T00:00:00+09:00
nikkei225,2026-03-19,Electric Machinery,6526,SOCIONEXT INC.,6526.T,6526.jp,https://indexes.nikkei.co.jp/en/nkave/index/component?idx=nk225,2026-03-21T00:00:00+09:00
nikkei225,2026-03-19,Electric Machinery,6645,OMRON CORP.,6645.T,6645.jp,https://indexes.nikkei.co.jp/en/nkave/index/component?idx=nk225,2026-03-21T00:00:00+09:00
nikkei225,2026-03-19,Electric Machinery,6674,GS YUASA CORP.,6674.T,6674.jp,https://indexes.nikkei.co.jp/en/nkave/index/component?idx=nk225,2026-03-21T00:00:00+09:00
nikkei225,2026-03-19,Electric Machinery,6701,NEC CORP.,6701.T,6701.jp,https://indexes.nikkei.co.jp/en/nkave/index/component?idx=nk225,2026-03-21T00:00:00+09:00
nikkei225,2026-03-19,Electric Machinery,6702,FUJITSU LTD.,6702.T,6702.jp,https://indexes.nikkei.co.jp/en/nkave/index/component?idx=nk225,2026-03-21T00:00:00+09:00
nikkei225,2026-03-19,Electric Machinery,6723,RENESAS ELECTRONICS CORP.,6723.T,6723.jp,https://indexes.nikkei.co.jp/en/nkave/index/component?idx=nk225,2026-03-21T00:00:00+09:00
nikkei225,2026-03-19,Electric Machinery,6724,SEIKO EPSON CORP.,6724.T,6724.jp,https://indexes.nikkei.co.jp/en/nkave/index/component?idx=nk225,2026-03-21T00:00:00+09:00
nikkei225,2026-03-19,Electric Machinery,6752,PANASONIC HOLDINGS CORP.,6752.T,6752.jp,https://indexes.nikkei.co.jp/en/nkave/index/component?idx=nk225,2026-03-21T00:00:00+09:00
nikkei225,2026-03-19,Electric Machinery,6753,SHARP CORP.,6753.T,6753.jp,https://indexes.nikkei.co.jp/en/nkave/index/component?idx=nk225,2026-03-21T00:00:00+09:00
nikkei225,2026-03-19,Electric Machinery,6758,SONY GROUP CORP.,6758.T,6758.jp,https://indexes.nikkei.co.jp/en/nkave/index/component?idx=nk225,2026-03-21T00:00:00+09:00
nikkei225,2026-03-19,Electric Machinery,6762,TDK CORP.,6762.T,6762.jp,https://indexes.nikkei.co.jp/en/nkave/index/component?idx=nk225,2026-03-21T00:00:00+09:00
nikkei225,2026-03-19,Electric Machinery,6770,"ALPS ALPINE CO., LTD.",6770.T,6770.jp,https://indexes.nikkei.co.jp/en/nkave/index/component?idx=nk225,2026-03-21T00:00:00+09:00
nikkei225,2026-03-19,Electric Machinery,6841,YOKOGAWA ELECTRIC CORP.,6841.T,6841.jp,https://indexes.nikkei.co.jp/en/nkave/index/component?idx=nk225,2026-03-21T00:00:00+09:00
nikkei225,2026-03-19,Electric Machinery,6857,ADVANTEST CORP.,6857.T,6857.jp,https://indexes.nikkei.co.jp/en/nkave/index/component?idx=nk225,2026-03-21T00:00:00+09:00
nikkei225,2026-03-19,Electric Machinery,6861,KEYENCE CORP.,6861.T,6861.jp,https://indexes.nikkei.co.jp/en/nkave/index/component?idx=nk225,2026-03-21T00:00:00+09:00
nikkei225,2026-03-19,Electric Machinery,6902,DENSO CORP.,6902.T,6902.jp,https://indexes.nikkei.co.jp/en/nkave/index/component?idx=nk225,2026-03-21T00:00:00+09:00
nikkei225,2026-03-19,Electric Machinery,6920,LASERTEC CORP.,6920.T,6920.jp,https://indexes.nikkei.co.jp/en/nkave/index/component?idx=nk225,2026-03-21T00:00:00+09:00
nikkei225,2026-03-19,Electric Machinery,6952,"CASIO COMPUTER CO., LTD.",6952.T,6952.jp,https://indexes.nikkei.co.jp/en/nkave/index/component?idx=nk225,2026-03-21T00:00:00+09:00
nikkei225,2026-03-19,Electric Machinery,6954,FANUC CORP.,6954.T,6954.jp,https://indexes.nikkei.co.jp/en/nkave/index/component?idx=nk225,2026-03-21T00:00:00+09:00
nikkei225,2026-03-19,Electric Machinery,6963,"ROHM CO., LTD.",6963.T,6963.jp,https://indexes.nikkei.co.jp/en/nkave/index/component?idx=nk225,2026-03-21T00:00:00+09:00
nikkei225,2026-03-19,Electric Machinery,6971,KYOCERA CORP.,6971.T,6971.jp,https://indexes.nikkei.co.jp/en/nkave/index/component?idx=nk225,2026-03-21T00:00:00+09:00
nikkei225,2026-03-19,Electric Machinery,6976,"TAIYO YUDEN CO., LTD.",6976.T,6976.jp,https://indexes.nikkei.co.jp/en/nkave/index/component?idx=nk225,2026-03-21T00:00:00+09:00
nikkei225,2026-03-19,Electric Machinery,6981,"MURATA MANUFACTURING CO., LTD.",6981.T,6981.jp,https://indexes.nikkei.co.jp/en/nkave/index/component?idx=nk225,2026-03-21T00:00:00+09:00
nikkei225,2026-03-19,Electric Machinery,7735,"SCREEN HOLDINGS CO., LTD.",7735.T,7735.jp,https://indexes.nikkei.co.jp/en/nkave/index/component?idx=nk225,2026-03-21T00:00:00+09:00
nikkei225,2026-03-19,Electric Machinery,7751,CANON INC.,7751.T,7751.jp,https://indexes.nikkei.co.jp/en/nkave/index/component?idx=nk225,2026-03-21T00:00:00+09:00
nikkei225,2026-03-19,Electric Machinery,7752,"RICOH CO., LTD.",7752.T,7752.jp,https://indexes.nikkei.co.jp/en/nkave/index/component?idx=nk225,2026-03-21T00:00:00+09:00
nikkei225,2026-03-19,Electric Machinery,8035,TOKYO ELECTRON LTD.,8035.T,8035.jp,https://indexes.nikkei.co.jp/en/nkave/index/component?idx=nk225,2026-03-21T00:00:00+09:00
nikkei225,2026-03-19,Automobiles & Auto parts,7201,"NISSAN MOTOR CO., LTD.",7201.T,7201.jp,https://indexes.nikkei.co.jp/en/nkave/index/component?idx=nk225,2026-03-21T00:00:00+09:00
nikkei225,2026-03-19,Automobiles & Auto parts,7202,ISUZU MOTORS LTD.,7202.T,7202.jp,https://indexes.nikkei.co.jp/en/nkave/index/component?idx=nk225,2026-03-21T00:00:00+09:00
nikkei225,2026-03-19,Automobiles & Auto parts,7203,TOYOTA MOTOR CORP.,7203.T,7203.jp,https://indexes.nikkei.co.jp/en/nkave/index/component?idx=nk225,2026-03-21T00:00:00+09:00
nikkei225,2026-03-19,Automobiles & Auto parts,7205,"HINO MOTORS, LTD.",7205.T,7205.jp,https://indexes.nikkei.co.jp/en/nkave/index/component?idx=nk225,2026-03-21T00:00:00+09:00
nikkei225,2026-03-19,Automobiles & Auto parts,7211,MITSUBISHI MOTORS CORP.,7211.T,7211.jp,https://indexes.nikkei.co.jp/en/nkave/index/component?idx=nk225,2026-03-21T00:00:00+09:00
nikkei225,2026-03-19,Automobiles & Auto parts,7261,MAZDA MOTOR CORP.,7261.T,7261.jp,https://indexes.nikkei.co.jp/en/nkave/index/component?idx=nk225,2026-03-21T00:00:00+09:00
nikkei225,2026-03-19,Automobiles & Auto parts,7267,"HONDA MOTOR CO., LTD.",7267.T,7267.jp,https://indexes.nikkei.co.jp/en/nkave/index/component?idx=nk225,2026-03-21T00:00:00+09:00
nikkei225,2026-03-19,Automobiles & Auto parts,7269,SUZUKI MOTOR CORP.,7269.T,7269.jp,https://indexes.nikkei.co.jp/en/nkave/index/component?idx=nk225,2026-03-21T00:00:00+09:00
nikkei225,2026-03-19,Automobiles & Auto parts,7270,SUBARU CORP.,7270.T,7270.jp,https://indexes.nikkei.co.jp/en/nkave/index/component?idx=nk225,2026-03-21T00:00:00+09:00
nikkei225,2026-03-19,Automobiles & Auto parts,7272,"YAMAHA MOTOR CO., LTD.",7272.T,7272.jp,https://indexes.nikkei.co.jp/en/nkave/index/component?idx=nk225,2026-03-21T00:00:00+09:00
nikkei225,2026-03-19,Precision Instruments,4543,TERUMO CORP.,4543.T,4543.jp,https://indexes.nikkei.co.jp/en/nkave/index/component?idx=nk225,2026-03-21T00:00:00+09:00
nikkei225,2026-03-19,Precision Instruments,4902,"KONICA MINOLTA, INC.",4902.T,4902.jp,https://indexes.nikkei.co.jp/en/nkave/index/component?idx=nk225,2026-03-21T00:00:00+09:00
nikkei225,2026-03-19,Precision Instruments,6146,DISCO CORP.,6146.T,6146.jp,https://indexes.nikkei.co.jp/en/nkave/index/component?idx=nk225,2026-03-21T00:00:00+09:00
nikkei225,2026-03-19,Precision Instruments,7731,NIKON CORP.,7731.T,7731.jp,https://indexes.nikkei.co.jp/en/nkave/index/component?idx=nk225,2026-03-21T00:00:00+09:00
nikkei225,2026-03-19,Precision Instruments,7733,OLYMPUS CORP.,7733.T,7733.jp,https://indexes.nikkei.co.jp/en/nkave/index/component?idx=nk225,2026-03-21T00:00:00+09:00
nikkei225,2026-03-19,Precision Instruments,7741,HOYA CORP.,7741.T,7741.jp,https://indexes.nikkei.co.jp/en/nkave/index/component?idx=nk225,2026-03-21T00:00:00+09:00
nikkei225,2026-03-19,Communications,9432,"NTT, INC.",9432.T,9432.jp,https://indexes.nikkei.co.jp/en/nkave/index/component?idx=nk225,2026-03-21T00:00:00+09:00
nikkei225,2026-03-19,Communications,9433,KDDI CORP.,9433.T,9433.jp,https://indexes.nikkei.co.jp/en/nkave/index/component?idx=nk225,2026-03-21T00:00:00+09:00
nikkei225,2026-03-19,Communications,9434,SOFTBANK CORP.,9434.T,9434.jp,https://indexes.nikkei.co.jp/en/nkave/index/component?idx=nk225,2026-03-21T00:00:00+09:00
nikkei225,2026-03-19,Communications,9984,SOFTBANK GROUP CORP.,9984.T,9984.jp,https://indexes.nikkei.co.jp/en/nkave/index/component?idx=nk225,2026-03-21T00:00:00+09:00
nikkei225,2026-03-19,Banking,5831,"SHIZUOKA FINANCIAL GROUP, INC.",5831.T,5831.jp,https://indexes.nikkei.co.jp/en/nkave/index/component?idx=nk225,2026-03-21T00:00:00+09:00
nikkei225,2026-03-19,Banking,7186,"YOKOHAMA FINANCIAL GROUP, INC.",7186.T,7186.jp,https://indexes.nikkei.co.jp/en/nkave/index/component?idx=nk225,2026-03-21T00:00:00+09:00
nikkei225,2026-03-19,Banking,8304,"AOZORA BANK, LTD.",8304.T,8304.jp,https://indexes.nikkei.co.jp/en/nkave/index/component?idx=nk225,2026-03-21T00:00:00+09:00
nikkei225,2026-03-19,Banking,8306,"MITSUBISHI UFJ FINANCIAL GROUP, INC.",8306.T,8306.jp,https://indexes.nikkei.co.jp/en/nkave/index/component?idx=nk225,2026-03-21T00:00:00+09:00
nikkei225,2026-03-19,Banking,8308,"RESONA HOLDINGS, INC.",8308.T,8308.jp,https://indexes.nikkei.co.jp/en/nkave/index/component?idx=nk225,2026-03-21T00:00:00+09:00
nikkei225,2026-03-19,Banking,8309,"SUMITOMO MITSUI TRUST GROUP, INC.",8309.T,8309.jp,https://indexes.nikkei.co.jp/en/nkave/index/component?idx=nk225,2026-03-21T00:00:00+09:00
nikkei225,2026-03-19,Banking,8316,"SUMITOMO MITSUI FINANCIAL GROUP, INC.",8316.T,8316.jp,https://indexes.nikkei.co.jp/en/nkave/index/component?idx=nk225,2026-03-21T00:00:00+09:00
nikkei225,2026-03-19,Banking,8331,"THE CHIBA BANK, LTD.",8331.T,8331.jp,https://indexes.nikkei.co.jp/en/nkave/index/component?idx=nk225,2026-03-21T00:00:00+09:00
nikkei225,2026-03-19,Banking,8354,"FUKUOKA FINANCIAL GROUP, INC.",8354.T,8354.jp,https://indexes.nikkei.co.jp/en/nkave/index/component?idx=nk225,2026-03-21T00:00:00+09:00
nikkei225,2026-03-19,Banking,8411,"MIZUHO FINANCIAL GROUP, INC.",8411.T,8411.jp,https://indexes.nikkei.co.jp/en/nkave/index/component?idx=nk225,2026-03-21T00:00:00+09:00
nikkei225,2026-03-19,Other Financial Services,8253,"CREDIT SAISON CO., LTD.",8253.T,8253.jp,https://indexes.nikkei.co.jp/en/nkave/index/component?idx=nk225,2026-03-21T00:00:00+09:00
nikkei225,2026-03-19,Other Financial Services,8591,ORIX CORP.,8591.T,8591.jp,https://indexes.nikkei.co.jp/en/nkave/index/component?idx=nk225,2026-03-21T00:00:00+09:00
nikkei225,2026-03-19,Other Financial Services,8697,"JAPAN EXCHANGE GROUP, INC.",8697.T,8697.jp,https://indexes.nikkei.co.jp/en/nkave/index/component?idx=nk225,2026-03-21T00:00:00+09:00
nikkei225,2026-03-19,Securities,8601,DAIWA SECURITIES GROUP INC.,8601.T,8601.jp,https://indexes.nikkei.co.jp/en/nkave/index/component?idx=nk225,2026-03-21T00:00:00+09:00
nikkei225,2026-03-19,Securities,8604,"NOMURA HOLDINGS, INC.",8604.T,8604.jp,https://indexes.nikkei.co.jp/en/nkave/index/component?idx=nk225,2026-03-21T00:00:00+09:00
nikkei225,2026-03-19,Insurance,8630,"SOMPO HOLDINGS, INC.",8630.T,8630.jp,https://indexes.nikkei.co.jp/en/nkave/index/component?idx=nk225,2026-03-21T00:00:00+09:00
nikkei225,2026-03-19,Insurance,8725,"MS&AD INSURANCE GROUP HOLDINGS, INC.",8725.T,8725.jp,https://indexes.nikkei.co.jp/en/nkave/index/component?idx=nk225,2026-03-21T00:00:00+09:00
nikkei225,2026-03-19,Insurance,8750,"DAI-ICHI LIFE HOLDINGS, INC.",8750.T,8750.jp,https://indexes.nikkei.co.jp/en/nkave/index/component?idx=nk225,2026-03-21T00:00:00+09:00
nikkei225,2026-03-19,Insurance,8766,"TOKIO MARINE HOLDINGS, INC.",8766.T,8766.jp,https://indexes.nikkei.co.jp/en/nkave/index/component?idx=nk225,2026-03-21T00:00:00+09:00
nikkei225,2026-03-19,Insurance,8795,"T&D HOLDINGS, INC.",8795.T,8795.jp,https://indexes.nikkei.co.jp/en/nkave/index/component?idx=nk225,2026-03-21T00:00:00+09:00
nikkei225,2026-03-19,Fishery,1332,NISSUI CORP.,1332.T,1332.jp,https://indexes.nikkei.co.jp/en/nkave/index/component?idx=nk225,2026-03-21T00:00:00+09:00
nikkei225,2026-03-19,Foods,2002,NISSHIN SEIFUN GROUP INC.,2002.T,2002.jp,https://indexes.nikkei.co.jp/en/nkave/index/component?idx=nk225,2026-03-21T00:00:00+09:00
nikkei225,2026-03-19,Foods,2269,"MEIJI HOLDINGS CO., LTD.",2269.T,2269.jp,https://indexes.nikkei.co.jp/en/nkave/index/component?idx=nk225,2026-03-21T00:00:00+09:00
nikkei225,2026-03-19,Foods,2282,NH FOODS LTD.,2282.T,2282.jp,https://indexes.nikkei.co.jp/en/nkave/index/component?idx=nk225,2026-03-21T00:00:00+09:00
nikkei225,2026-03-19,Foods,2501,SAPPORO HOLDINGS LTD.,2501.T,2501.jp,https://indexes.nikkei.co.jp/en/nkave/index/component?idx=nk225,2026-03-21T00:00:00+09:00
nikkei225,2026-03-19,Foods,2502,"ASAHI GROUP HOLDINGS, LTD.",2502.T,2502.jp,https://indexes.nikkei.co.jp/en/nkave/index/component?idx=nk225,2026-03-21T00:00:00+09:00
nikkei225,2026-03-19,Foods,2503,"KIRIN HOLDINGS CO., LTD.",2503.T,2503.jp,https://indexes.nikkei.co.jp/en/nkave/index/component?idx=nk225,2026-03-21T00:00:00+09:00
nikkei225,2026-03-19,Foods,2801,KIKKOMAN CORP.,2801.T,2801.jp,https://indexes.nikkei.co.jp/en/nkave/index/component?idx=nk225,2026-03-21T00:00:00+09:00
nikkei225,2026-03-19,Foods,2802,"AJINOMOTO CO., INC.",2802.T,2802.jp,https://indexes.nikkei.co.jp/en/nkave/index/component?idx=nk225,2026-03-21T00:00:00+09:00
nikkei225,2026-03-19,Foods,2871,NICHIREI CORP.,2871.T,2871.jp,https://indexes.nikkei.co.jp/en/nkave/index/component?idx=nk225,2026-03-21T00:00:00+09:00
nikkei225,2026-03-19,Foods,2914,JAPAN TOBACCO INC.,2914.T,2914.jp,https://indexes.nikkei.co.jp/en/nkave/index/component?idx=nk225,2026-03-21T00:00:00+09:00
nikkei225,2026-03-19,Retail,3086,"J.FRONT RETAILING CO., LTD.",3086.T,3086.jp,https://indexes.nikkei.co.jp/en/nkave/index/component?idx=nk225,2026-03-21T00:00:00+09:00
nikkei225,2026-03-19,Retail,3092,"ZOZO, INC.",3092.T,3092.jp,https://indexes.nikkei.co.jp/en/nkave/index/component?idx=nk225,2026-03-21T00:00:00+09:00
nikkei225,2026-03-19,Retail,3099,ISETAN MITSUKOSHI HOLDINGS LTD.,3099.T,3099.jp,https://indexes.nikkei.co.jp/en/nkave/index/component?idx=nk225,2026-03-21T00:00:00+09:00
nikkei225,2026-03-19,Retail,3382,"SEVEN & I HOLDINGS CO., LTD.",3382.T,3382.jp,https://indexes.nikkei.co.jp/en/nkave/index/component?idx=nk225,2026-03-21T00:00:00+09:00
nikkei225,2026-03-19,Retail,7453,"RYOHIN KEIKAKU CO., LTD.",7453.T,7453.jp,https://indexes.nikkei.co.jp/en/nkave/index/component?idx=nk225,2026-03-21T00:00:00+09:00
nikkei225,2026-03-19,Retail,8233,"TAKASHIMAYA CO., LTD.",8233.T,8233.jp,https://indexes.nikkei.co.jp/en/nkave/index/component?idx=nk225,2026-03-21T00:00:00+09:00
nikkei225,2026-03-19,Retail,8252,"MARUI GROUP CO., LTD.",8252.T,8252.jp,https://indexes.nikkei.co.jp/en/nkave/index/component?idx=nk225,2026-03-21T00:00:00+09:00
nikkei225,2026-03-19,Retail,8267,"AEON CO., LTD.",8267.T,8267.jp,https://indexes.nikkei.co.jp/en/nkave/index/component?idx=nk225,2026-03-21T00:00:00+09:00
nikkei225,2026-03-19,Retail,9843,"NITORI HOLDINGS CO., LTD.",9843.T,9843.jp,https://indexes.nikkei.co.jp/en/nkave/index/component?idx=nk225,2026-03-21T00:00:00+09:00
nikkei225,2026-03-19,Retail,9983,"FAST RETAILING CO., LTD.",9983.T,9983.jp,https://indexes.nikkei.co.jp/en/nkave/index/component?idx=nk225,2026-03-21T00:00:00+09:00
nikkei225,2026-03-19,Services,2413,"M3, INC.",2413.T,2413.jp,https://indexes.nikkei.co.jp/en/nkave/index/component?idx=nk225,2026-03-21T00:00:00+09:00
nikkei225,2026-03-19,Services,2432,"DENA CO., LTD.",2432.T,2432.jp,https://indexes.nikkei.co.jp/en/nkave/index/component?idx=nk225,2026-03-21T00:00:00+09:00
nikkei225,2026-03-19,Services,3659,"NEXON CO., LTD.",3659.T,3659.jp,https://indexes.nikkei.co.jp/en/nkave/index/component?idx=nk225,2026-03-21T00:00:00+09:00
nikkei225,2026-03-19,Services,3697,SHIFT INC.,3697.T,3697.jp,https://indexes.nikkei.co.jp/en/nkave/index/component?idx=nk225,2026-03-21T00:00:00+09:00
nikkei225,2026-03-19,Services,4307,"NOMURA RESEARCH INSTITUTE, LTD.",4307.T,4307.jp,https://indexes.nikkei.co.jp/en/nkave/index/component?idx=nk225,2026-03-21T00:00:00+09:00
nikkei225,2026-03-19,Services,4324,DENTSU GROUP INC.,4324.T,4324.jp,https://indexes.nikkei.co.jp/en/nkave/index/component?idx=nk225,2026-03-21T00:00:00+09:00
nikkei225,2026-03-19,Services,4385,"MERCARI, INC.",4385.T,4385.jp,https://indexes.nikkei.co.jp/en/nkave/index/component?idx=nk225,2026-03-21T00:00:00+09:00
nikkei225,2026-03-19,Services,4661,"ORIENTAL LAND CO., LTD.",4661.T,4661.jp,https://indexes.nikkei.co.jp/en/nkave/index/component?idx=nk225,2026-03-21T00:00:00+09:00
nikkei225,2026-03-19,Services,4689,LY CORP.,4689.T,4689.jp,https://indexes.nikkei.co.jp/en/nkave/index/component?idx=nk225,2026-03-21T00:00:00+09:00
nikkei225,2026-03-19,Services,4704,TREND MICRO INC.,4704.T,4704.jp,https://indexes.nikkei.co.jp/en/nkave/index/component?idx=nk225,2026-03-21T00:00:00+09:00
nikkei225,2026-03-19,Services,4751,"CYBERAGENT, INC.",4751.T,4751.jp,https://indexes.nikkei.co.jp/en/nkave/index/component?idx=nk225,2026-03-21T00:00:00+09:00
nikkei225,2026-03-19,Services,4755,"RAKUTEN GROUP, INC.",4755.T,4755.jp,https://indexes.nikkei.co.jp/en/nkave/index/component?idx=nk225,2026-03-21T00:00:00+09:00
nikkei225,2026-03-19,Services,6098,"RECRUIT HOLDINGS CO., LTD.",6098.T,6098.jp,https://indexes.nikkei.co.jp/en/nkave/index/component?idx=nk225,2026-03-21T00:00:00+09:00
nikkei225,2026-03-19,Services,6178,"JAPAN POST HOLDINGS CO., LTD.",6178.T,6178.jp,https://indexes.nikkei.co.jp/en/nkave/index/component?idx=nk225,2026-03-21T00:00:00+09:00
nikkei225,2026-03-19,Services,6532,"BAYCURRENT, INC.",6532.T,6532.jp,https://indexes.nikkei.co.jp/en/nkave/index/component?idx=nk225,2026-03-21T00:00:00+09:00
nikkei225,2026-03-19,Services,7974,"NINTENDO CO., LTD.",7974.T,7974.jp,https://indexes.nikkei.co.jp/en/nkave/index/component?idx=nk225,2026-03-21T00:00:00+09:00
nikkei225,2026-03-19,Services,9602,"TOHO CO., LTD.",9602.T,9602.jp,https://indexes.nikkei.co.jp/en/nkave/index/component?idx=nk225,2026-03-21T00:00:00+09:00
nikkei225,2026-03-19,Services,9735,"SECOM CO., LTD.",9735.T,9735.jp,https://indexes.nikkei.co.jp/en/nkave/index/component?idx=nk225,2026-03-21T00:00:00+09:00
nikkei225,2026-03-19,Services,9766,KONAMI GROUP CORP.,9766.T,9766.jp,https://indexes.nikkei.co.jp/en/nkave/index/component?idx=nk225,2026-03-21T00:00:00+09:00
nikkei225,2026-03-19,Mining,1605,INPEX CORP.,1605.T,1605.jp,https://indexes.nikkei.co.jp/en/nkave/index/component?idx=nk225,2026-03-21T00:00:00+09:00
nikkei225,2026-03-19,Textiles & Apparel,3401,TEIJIN LTD.,3401.T,3401.jp,https://indexes.nikkei.co.jp/en/nkave/index/component?idx=nk225,2026-03-21T00:00:00+09:00
nikkei225,2026-03-19,Textiles & Apparel,3402,"TORAY INDUSTRIES, INC.",3402.T,3402.jp,https://indexes.nikkei.co.jp/en/nkave/index/component?idx=nk225,2026-03-21T00:00:00+09:00
nikkei225,2026-03-19,Pulp & Paper,3861,OJI HOLDINGS CORP.,3861.T,3861.jp,https://indexes.nikkei.co.jp/en/nkave/index/component?idx=nk225,2026-03-21T00:00:00+09:00
nikkei225,2026-03-19,Chemicals,3405,"KURARAY CO., LTD.",3405.T,3405.jp,https://indexes.nikkei.co.jp/en/nkave/index/component?idx=nk225,2026-03-21T00:00:00+09:00
nikkei225,2026-03-19,Chemicals,3407,ASAHI KASEI CORP.,3407.T,3407.jp,https://indexes.nikkei.co.jp/en/nkave/index/component?idx=nk225,2026-03-21T00:00:00+09:00
nikkei225,2026-03-19,Chemicals,4004,RESONAC HOLDINGS CORP.,4004.T,4004.jp,https://indexes.nikkei.co.jp/en/nkave/index/component?idx=nk225,2026-03-21T00:00:00+09:00
nikkei225,2026-03-19,Chemicals,4005,"SUMITOMO CHEMICAL CO., LTD.",4005.T,4005.jp,https://indexes.nikkei.co.jp/en/nkave/index/component?idx=nk225,2026-03-21T00:00:00+09:00
nikkei225,2026-03-19,Chemicals,4021,NISSAN CHEMICAL CORP.,4021.T,4021.jp,https://indexes.nikkei.co.jp/en/nkave/index/component?idx=nk225,2026-03-21T00:00:00+09:00
nikkei225,2026-03-19,Chemicals,4042,TOSOH CORP.,4042.T,4042.jp,https://indexes.nikkei.co.jp/en/nkave/index/component?idx=nk225,2026-03-21T00:00:00+09:00
nikkei225,2026-03-19,Chemicals,4043,TOKUYAMA CORP.,4043.T,4043.jp,https://indexes.nikkei.co.jp/en/nkave/index/component?idx=nk225,2026-03-21T00:00:00+09:00
nikkei225,2026-03-19,Chemicals,4061,"DENKA CO., LTD.",4061.T,4061.jp,https://indexes.nikkei.co.jp/en/nkave/index/component?idx=nk225,2026-03-21T00:00:00+09:00
nikkei225,2026-03-19,Chemicals,4063,"SHIN-ETSU CHEMICAL CO., LTD.",4063.T,4063.jp,https://indexes.nikkei.co.jp/en/nkave/index/component?idx=nk225,2026-03-21T00:00:00+09:00
nikkei225,2026-03-19,Chemicals,4183,"MITSUI CHEMICALS, INC.",4183.T,4183.jp,https://indexes.nikkei.co.jp/en/nkave/index/component?idx=nk225,2026-03-21T00:00:00+09:00
nikkei225,2026-03-19,Chemicals,4188,MITSUBISHI CHEMICAL GROUP CORP.,4188.T,4188.jp,https://indexes.nikkei.co.jp/en/nkave/index/component?idx=nk225,2026-03-21T00:00:00+09:00
nikkei225,2026-03-19,Chemicals,4208,UBE CORP.,4208.T,4208.jp,https://indexes.nikkei.co.jp/en/nkave/index/component?idx=nk225,2026-03-21T00:00:00+09:00
nikkei225,2026-03-19,Chemicals,4452,KAO CORP.,4452.T,4452.jp,https://indexes.nikkei.co.jp/en/nkave/index/component?idx=nk225,2026-03-21T00:00:00+09:00
nikkei225,2026-03-19,Chemicals,4901,FUJIFILM HOLDINGS CORP.,4901.T,4901.jp,https://indexes.nikkei.co.jp/en/nkave/index/component?idx=nk225,2026-03-21T00:00:00+09:00
nikkei225,2026-03-19,Chemicals,4911,"SHISEIDO CO., LTD.",4911.T,4911.jp,https://indexes.nikkei.co.jp/en/nkave/index/component?idx=nk225,2026-03-21T00:00:00+09:00
nikkei225,2026-03-19,Chemicals,6988,NITTO DENKO CORP.,6988.T,6988.jp,https://indexes.nikkei.co.jp/en/nkave/index/component?idx=nk225,2026-03-21T00:00:00+09:00
nikkei225,2026-03-19,Petroleum,5019,"IDEMITSU KOSAN CO., LTD.",5019.T,5019.jp,https://indexes.nikkei.co.jp/en/nkave/index/component?idx=nk225,2026-03-21T00:00:00+09:00
nikkei225,2026-03-19,Petroleum,5020,"ENEOS HOLDINGS, INC.",5020.T,5020.jp,https://indexes.nikkei.co.jp/en/nkave/index/component?idx=nk225,2026-03-21T00:00:00+09:00
nikkei225,2026-03-19,Rubber,5101,"THE YOKOHAMA RUBBER CO., LTD.",5101.T,5101.jp,https://indexes.nikkei.co.jp/en/nkave/index/component?idx=nk225,2026-03-21T00:00:00+09:00
nikkei225,2026-03-19,Rubber,5108,BRIDGESTONE CORP.,5108.T,5108.jp,https://indexes.nikkei.co.jp/en/nkave/index/component?idx=nk225,2026-03-21T00:00:00+09:00
nikkei225,2026-03-19,Glass & Ceramics,5201,AGC INC.,5201.T,5201.jp,https://indexes.nikkei.co.jp/en/nkave/index/component?idx=nk225,2026-03-21T00:00:00+09:00
nikkei225,2026-03-19,Glass & Ceramics,5214,"NIPPON ELECTRIC GLASS CO., LTD.",5214.T,5214.jp,https://indexes.nikkei.co.jp/en/nkave/index/component?idx=nk225,2026-03-21T00:00:00+09:00
nikkei225,2026-03-19,Glass & Ceramics,5233,TAIHEIYO CEMENT CORP.,5233.T,5233.jp,https://indexes.nikkei.co.jp/en/nkave/index/component?idx=nk225,2026-03-21T00:00:00+09:00
nikkei225,2026-03-19,Glass & Ceramics,5301,"TOKAI CARBON CO., LTD.",5301.T,5301.jp,https://indexes.nikkei.co.jp/en/nkave/index/component?idx=nk225,2026-03-21T00:00:00+09:00
nikkei225,2026-03-19,Glass & Ceramics,5332,TOTO LTD.,5332.T,5332.jp,https://indexes.nikkei.co.jp/en/nkave/index/component?idx=nk225,2026-03-21T00:00:00+09:00
nikkei225,2026-03-19,Glass & Ceramics,5333,"NGK INSULATORS, LTD.",5333.T,5333.jp,https://indexes.nikkei.co.jp/en/nkave/index/component?idx=nk225,2026-03-21T00:00:00+09:00
nikkei225,2026-03-19,Steel,5401,NIPPON STEEL CORP.,5401.T,5401.jp,https://indexes.nikkei.co.jp/en/nkave/index/component?idx=nk225,2026-03-21T00:00:00+09:00
nikkei225,2026-03-19,Steel,5406,"KOBE STEEL, LTD.",5406.T,5406.jp,https://indexes.nikkei.co.jp/en/nkave/index/component?idx=nk225,2026-03-21T00:00:00+09:00
nikkei225,2026-03-19,Steel,5411,"JFE HOLDINGS, INC.",5411.T,5411.jp,https://indexes.nikkei.co.jp/en/nkave/index/component?idx=nk225,2026-03-21T00:00:00+09:00
nikkei225,2026-03-19,Nonferrous Metals,3436,SUMCO CORP.,3436.T,3436.jp,https://indexes.nikkei.co.jp/en/nkave/index/component?idx=nk225,2026-03-21T00:00:00+09:00
nikkei225,2026-03-19,Nonferrous Metals,5706,"MITSUI KINZOKU CO., LTD.",5706.T,5706.jp,https://indexes.nikkei.co.jp/en/nkave/index/component?idx=nk225,2026-03-21T00:00:00+09:00
nikkei225,2026-03-19,Nonferrous Metals,5711,MITSUBISHI MATERIALS CORP.,5711.T,5711.jp,https://indexes.nikkei.co.jp/en/nkave/index/component?idx=nk225,2026-03-21T00:00:00+09:00
nikkei225,2026-03-19,Nonferrous Metals,5713,"SUMITOMO METAL MINING CO., LTD.",5713.T,5713.jp,https://indexes.nikkei.co.jp/en/nkave/index/component?idx=nk225,2026-03-21T00:00:00+09:00
nikkei225,2026-03-19,Nonferrous Metals,5714,"DOWA HOLDINGS CO., LTD.",5714.T,5714.jp,https://indexes.nikkei.co.jp/en/nkave/index/component?idx=nk225,2026-03-21T00:00:00+09:00
nikkei225,2026-03-19,Nonferrous Metals,5801,"FURUKAWA ELECTRIC CO., LTD.",5801.T,5801.jp,https://indexes.nikkei.co.jp/en/nkave/index/component?idx=nk225,2026-03-21T00:00:00+09:00
nikkei225,2026-03-19,Nonferrous Metals,5802,"SUMITOMO ELECTRIC IND., LTD.",5802.T,5802.jp,https://indexes.nikkei.co.jp/en/nkave/index/component?idx=nk225,2026-03-21T00:00:00+09:00
nikkei225,2026-03-19,Nonferrous Metals,5803,FUJIKURA LTD.,5803.T,5803.jp,https://indexes.nikkei.co.jp/en/nkave/index/component?idx=nk225,2026-03-21T00:00:00+09:00
nikkei225,2026-03-19,Trading Companies,2768,SOJITZ CORP.,2768.T,2768.jp,https://indexes.nikkei.co.jp/en/nkave/index/component?idx=nk225,2026-03-21T00:00:00+09:00
nikkei225,2026-03-19,Trading Companies,8001,ITOCHU CORP.,8001.T,8001.jp,https://indexes.nikkei.co.jp/en/nkave/index/component?idx=nk225,2026-03-21T00:00:00+09:00
nikkei225,2026-03-19,Trading Companies,8002,MARUBENI CORP.,8002.T,8002.jp,https://indexes.nikkei.co.jp/en/nkave/index/component?idx=nk225,2026-03-21T00:00:00+09:00
nikkei225,2026-03-19,Trading Companies,8015,TOYOTA TSUSHO CORP.,8015.T,8015.jp,https://indexes.nikkei.co.jp/en/nkave/index/component?idx=nk225,2026-03-21T00:00:00+09:00
nikkei225,2026-03-19,Trading Companies,8031,"MITSUI & CO., LTD.",8031.T,8031.jp,https://indexes.nikkei.co.jp/en/nkave/index/component?idx=nk225,2026-03-21T00:00:00+09:00
nikkei225,2026-03-19,Trading Companies,8053,SUMITOMO CORP.,8053.T,8053.jp,https://indexes.nikkei.co.jp/en/nkave/index/component?idx=nk225,2026-03-21T00:00:00+09:00
nikkei225,2026-03-19,Trading Companies,8058,MITSUBISHI CORP.,8058.T,8058.jp,https://indexes.nikkei.co.jp/en/nkave/index/component?idx=nk225,2026-03-21T00:00:00+09:00
nikkei225,2026-03-19,Construction,1721,COMSYS HOLDINGS CORP.,1721.T,1721.jp,https://indexes.nikkei.co.jp/en/nkave/index/component?idx=nk225,2026-03-21T00:00:00+09:00
nikkei225,2026-03-19,Construction,1801,TAISEI CORP.,1801.T,1801.jp,https://indexes.nikkei.co.jp/en/nkave/index/component?idx=nk225,2026-03-21T00:00:00+09:00
nikkei225,2026-03-19,Construction,1802,OBAYASHI CORP.,1802.T,1802.jp,https://indexes.nikkei.co.jp/en/nkave/index/component?idx=nk225,2026-03-21T00:00:00+09:00
nikkei225,2026-03-19,Construction,1803,SHIMIZU CORP.,1803.T,1803.jp,https://indexes.nikkei.co.jp/en/nkave/index/component?idx=nk225,2026-03-21T00:00:00+09:00
nikkei225,2026-03-19,Construction,1808,HASEKO CORP.,1808.T,1808.jp,https://indexes.nikkei.co.jp/en/nkave/index/component?idx=nk225,2026-03-21T00:00:00+09:00
nikkei225,2026-03-19,Construction,1812,KAJIMA CORP.,1812.T,1812.jp,https://indexes.nikkei.co.jp/en/nkave/index/component?idx=nk225,2026-03-21T00:00:00+09:00
nikkei225,2026-03-19,Construction,1925,"DAIWA HOUSE IND. CO., LTD.",1925.T,1925.jp,https://indexes.nikkei.co.jp/en/nkave/index/component?idx=nk225,2026-03-21T00:00:00+09:00
nikkei225,2026-03-19,Construction,1928,"SEKISUI HOUSE, LTD.",1928.T,1928.jp,https://indexes.nikkei.co.jp/en/nkave/index/component?idx=nk225,2026-03-21T00:00:00+09:00
nikkei225,2026-03-19,Construction,1963,JGC HOLDINGS CORP.,1963.T,1963.jp,https://indexes.nikkei.co.jp/en/nkave/index/component?idx=nk225,2026-03-21T00:00:00+09:00
nikkei225,2026-03-19,Machinery,5631,"THE JAPAN STEEL WORKS, LTD.",5631.T,5631.jp,https://indexes.nikkei.co.jp/en/nkave/index/component?idx=nk225,2026-03-21T00:00:00+09:00
nikkei225,2026-03-19,Machinery,6103,OKUMA CORP.,6103.T,6103.jp,https://indexes.nikkei.co.jp/en/nkave/index/component?idx=nk225,2026-03-21T00:00:00+09:00
nikkei225,2026-03-19,Machinery,6113,"AMADA CO., LTD.",6113.T,6113.jp,https://indexes.nikkei.co.jp/en/nkave/index/component?idx=nk225,2026-03-21T00:00:00+09:00
nikkei225,2026-03-19,Machinery,6273,SMC CORP.,6273.T,6273.jp,https://indexes.nikkei.co.jp/en/nkave/index/component?idx=nk225,2026-03-21T00:00:00+09:00
nikkei225,2026-03-19,Machinery,6301,KOMATSU LTD.,6301.T,6301.jp,https://indexes.nikkei.co.jp/en/nkave/index/component?idx=nk225,2026-03-21T00:00:00+09:00
nikkei225,2026-03-19,Machinery,6302,"SUMITOMO HEAVY IND., LTD.",6302.T,6302.jp,https://indexes.nikkei.co.jp/en/nkave/index/component?idx=nk225,2026-03-21T00:00:00+09:00
nikkei225,2026-03-19,Machinery,6305,"HITACHI CONST. MACH. CO., LTD.",6305.T,6305.jp,https://indexes.nikkei.co.jp/en/nkave/index/component?idx=nk225,2026-03-21T00:00:00+09:00
nikkei225,2026-03-19,Machinery,6326,KUBOTA CORP.,6326.T,6326.jp,https://indexes.nikkei.co.jp/en/nkave/index/component?idx=nk225,2026-03-21T00:00:00+09:00
nikkei225,2026-03-19,Machinery,6361,EBARA CORP.,6361.T,6361.jp,https://indexes.nikkei.co.jp/en/nkave/index/component?idx=nk225,2026-03-21T00:00:00+09:00
nikkei225,2026-03-19,Machinery,6367,"DAIKIN INDUSTRIES, LTD.",6367.T,6367.jp,https://indexes.nikkei.co.jp/en/nkave/index/component?idx=nk225,2026-03-21T00:00:00+09:00
nikkei225,2026-03-19,Machinery,6471,NSK LTD.,6471.T,6471.jp,https://indexes.nikkei.co.jp/en/nkave/index/component?idx=nk225,2026-03-21T00:00:00+09:00
nikkei225,2026-03-19,Machinery,6472,NTN CORP.,6472.T,6472.jp,https://indexes.nikkei.co.jp/en/nkave/index/component?idx=nk225,2026-03-21T00:00:00+09:00
nikkei225,2026-03-19,Machinery,6473,JTEKT CORP.,6473.T,6473.jp,https://indexes.nikkei.co.jp/en/nkave/index/component?idx=nk225,2026-03-21T00:00:00+09:00
nikkei225,2026-03-19,Machinery,7004,KANADEVIA CORP.,7004.T,7004.jp,https://indexes.nikkei.co.jp/en/nkave/index/component?idx=nk225,2026-03-21T00:00:00+09:00
nikkei225,2026-03-19,Machinery,7011,"MITSUBISHI HEAVY IND., LTD.",7011.T,7011.jp,https://indexes.nikkei.co.jp/en/nkave/index/component?idx=nk225,2026-03-21T00:00:00+09:00
nikkei225,2026-03-19,Machinery,7013,IHI CORP.,7013.T,7013.jp,https://indexes.nikkei.co.jp/en/nkave/index/component?idx=nk225,2026-03-21T00:00:00+09:00
nikkei225,2026-03-19,Shipbuilding,7012,"KAWASAKI HEAVY IND., LTD.",7012.T,7012.jp,https://indexes.nikkei.co.jp/en/nkave/index/component?idx=nk225,2026-03-21T00:00:00+09:00
nikkei225,2026-03-19,Other Manufacturing,7832,BANDAI NAMCO HOLDINGS INC.,7832.T,7832.jp,https://indexes.nikkei.co.jp/en/nkave/index/component?idx=nk225,2026-03-21T00:00:00+09:00
nikkei225,2026-03-19,Other Manufacturing,7911,TOPPAN HOLDINGS INC.,7911.T,7911.jp,https://indexes.nikkei.co.jp/en/nkave/index/component?idx=nk225,2026-03-21T00:00:00+09:00
nikkei225,2026-03-19,Other Manufacturing,7912,"DAI NIPPON PRINTING CO., LTD.",7912.T,7912.jp,https://indexes.nikkei.co.jp/en/nkave/index/component?idx=nk225,2026-03-21T00:00:00+09:00
nikkei225,2026-03-19,Other Manufacturing,7951,YAMAHA CORP.,7951.T,7951.jp,https://indexes.nikkei.co.jp/en/nkave/index/component?idx=nk225,2026-03-21T00:00:00+09:00
nikkei225,2026-03-19,Real Estate,3289,TOKYU FUDOSAN HOLDINGS CORP.,3289.T,3289.jp,https://indexes.nikkei.co.jp/en/nkave/index/component?idx=nk225,2026-03-21T00:00:00+09:00
nikkei225,2026-03-19,Real Estate,8801,"MITSUI FUDOSAN CO., LTD.",8801.T,8801.jp,https://indexes.nikkei.co.jp/en/nkave/index/component?idx=nk225,2026-03-21T00:00:00+09:00
nikkei225,2026-03-19,Real Estate,8802,"MITSUBISHI ESTATE CO., LTD.",8802.T,8802.jp,https://indexes.nikkei.co.jp/en/nkave/index/component?idx=nk225,2026-03-21T00:00:00+09:00
nikkei225,2026-03-19,Real Estate,8804,"TOKYO TATEMONO CO., LTD.",8804.T,8804.jp,https://indexes.nikkei.co.jp/en/nkave/index/component?idx=nk225,2026-03-21T00:00:00+09:00
nikkei225,2026-03-19,Real Estate,8830,"SUMITOMO REALTY & DEVELOPMENT CO., LTD.",8830.T,8830.jp,https://indexes.nikkei.co.jp/en/nkave/index/component?idx=nk225,2026-03-21T00:00:00+09:00
nikkei225,2026-03-19,Railway & Bus,9001,"TOBU RAILWAY CO., LTD.",9001.T,9001.jp,https://indexes.nikkei.co.jp/en/nkave/index/component?idx=nk225,2026-03-21T00:00:00+09:00
nikkei225,2026-03-19,Railway & Bus,9005,TOKYU CORP.,9005.T,9005.jp,https://indexes.nikkei.co.jp/en/nkave/index/component?idx=nk225,2026-03-21T00:00:00+09:00
nikkei225,2026-03-19,Railway & Bus,9007,"ODAKYU ELECTRIC RAILWAY CO., LTD.",9007.T,9007.jp,https://indexes.nikkei.co.jp/en/nkave/index/component?idx=nk225,2026-03-21T00:00:00+09:00
nikkei225,2026-03-19,Railway & Bus,9008,KEIO CORP.,9008.T,9008.jp,https://indexes.nikkei.co.jp/en/nkave/index/component?idx=nk225,2026-03-21T00:00:00+09:00
nikkei225,2026-03-19,Railway & Bus,9009,"KEISEI ELECTRIC RAILWAY CO., LTD.",9009.T,9009.jp,https://indexes.nikkei.co.jp/en/nkave/index/component?idx=nk225,2026-03-21T00:00:00+09:00
nikkei225,2026-03-19,Railway & Bus,9020,EAST JAPAN RAILWAY CO.,9020.T,9020.jp,https://indexes.nikkei.co.jp/en/nkave/index/component?idx=nk225,2026-03-21T00:00:00+09:00
nikkei225,2026-03-19,Railway & Bus,9021,WEST JAPAN RAILWAY CO.,9021.T,9021.jp,https://indexes.nikkei.co.jp/en/nkave/index/component?idx=nk225,2026-03-21T00:00:00+09:00
nikkei225,2026-03-19,Railway & Bus,9022,"CENTRAL JAPAN RAILWAY CO., LTD.",9022.T,9022.jp,https://indexes.nikkei.co.jp/en/nkave/index/component?idx=nk225,2026-03-21T00:00:00+09:00
nikkei225,2026-03-19,Land Transport,9064,"YAMATO HOLDINGS CO., LTD.",9064.T,9064.jp,https://indexes.nikkei.co.jp/en/nkave/index/component?idx=nk225,2026-03-21T00:00:00+09:00
nikkei225,2026-03-19,Land Transport,9147,"NIPPON EXPRESS HOLDINGS, INC.",9147.T,9147.jp,https://indexes.nikkei.co.jp/en/nkave/index/component?idx=nk225,2026-03-21T00:00:00+09:00
nikkei225,2026-03-19,Marine Transport,9101,NIPPON YUSEN K.K.,9101.T,9101.jp,https://indexes.nikkei.co.jp/en/nkave/index/component?idx=nk225,2026-03-21T00:00:00+09:00
nikkei225,2026-03-19,Marine Transport,9104,"MITSUI O.S.K.LINES, LTD.",9104.T,9104.jp,https://indexes.nikkei.co.jp/en/nkave/index/component?idx=nk225,2026-03-21T00:00:00+09:00
nikkei225,2026-03-19,Marine Transport,9107,"KAWASAKI KISEN KAISHA, LTD.",9107.T,9107.jp,https://indexes.nikkei.co.jp/en/nkave/index/component?idx=nk225,2026-03-21T00:00:00+09:00
nikkei225,2026-03-19,Air Transport,9201,"JAPAN AIRLINES CO., LTD.",9201.T,9201.jp,https://indexes.nikkei.co.jp/en/nkave/index/component?idx=nk225,2026-03-21T00:00:00+09:00
nikkei225,2026-03-19,Air Transport,9202,ANA HOLDINGS INC.,9202.T,9202.jp,https://indexes.nikkei.co.jp/en/nkave/index/component?idx=nk225,2026-03-21T00:00:00+09:00
nikkei225,2026-03-19,Electric Power,9501,"TOKYO ELECTRIC POWER COMPANY HOLDINGS, INC.",9501.T,9501.jp,https://indexes.nikkei.co.jp/en/nkave/index/component?idx=nk225,2026-03-21T00:00:00+09:00
nikkei225,2026-03-19,Electric Power,9502,"CHUBU ELECTRIC POWER CO., INC.",9502.T,9502.jp,https://indexes.nikkei.co.jp/en/nkave/index/component?idx=nk225,2026-03-21T00:00:00+09:00
nikkei225,2026-03-19,Electric Power,9503,"THE KANSAI ELECTRIC POWER CO., INC.",9503.T,9503.jp,https://indexes.nikkei.co.jp/en/nkave/index/component?idx=nk225,2026-03-21T00:00:00+09:00
nikkei225,2026-03-19,Gas,9531,"TOKYO GAS CO., LTD.",9531.T,9531.jp,https://indexes.nikkei.co.jp/en/nkave/index/component?idx=nk225,2026-03-21T00:00:00+09:00
nikkei225,2026-03-19,Gas,9532,"OSAKA GAS CO., LTD.",9532.T,9532.jp,https://indexes.nikkei.co.jp/en/nkave/index/component?idx=nk225,2026-03-21T00:00:00+09:00
